<?xml version="1.0" encoding="utf-8" ?>
<!--
    rTexPacker XML atlas descriptor file (v1.0)
    Number of packed sprites:     95

    NOTE: This atlas contains a sprite font description
-->
<AtlasTexture imagePath='font3.png' width='256' height='256' spriteCount='95' isFont='1' fontSize='32'>
    <Sprite nameId='gameovercre1' originX='0' originY='0' positionX='0' positionY='0' sourceSizeWidth='10' sourceSizeHeight='32' padding='0' trimmed='0' trimRecX='0' trimRecY='0' trimRecWidth='0' trimRecHeight='0' charValue='32' charOffsetX='0' charOffsetY='0' charAdvanceX='10' />
    <Sprite nameId='gameovercre1' originX='0' originY='0' positionX='10' positionY='0' sourceSizeWidth='4' sourceSizeHeight='32' padding='0' trimmed='0' trimRecX='0' trimRecY='2' trimRecWidth='4' trimRecHeight='22' charValue='33' charOffsetX='4' charOffsetY='0' charAdvanceX='10' />
    <Sprite nameId='gameovercre1' originX='0' originY='0' positionX='14' positionY='0' sourceSizeWidth='10' sourceSizeHeight='32' padding='0' trimmed='0' trimRecX='0' trimRecY='2' trimRecWidth='10' trimRecHeight='8' charValue='34' charOffsetX='4' charOffsetY='0' charAdvanceX='16' />
    <Sprite nameId='gameovercre1' originX='0' originY='0' positionX='24' positionY='0' sourceSizeWidth='32' sourceSizeHeight='32' padding='0' trimmed='0' trimRecX='0' trimRecY='0' trimRecWidth='32' trimRecHeight='32' charValue='35' charOffsetX='-4' charOffsetY='0' charAdvanceX='30' />
    <Sprite nameId='gameovercre1' originX='0' originY='0' positionX='56' positionY='0' sourceSizeWidth='14' sourceSizeHeight='32' padding='0' trimmed='0' trimRecX='0' trimRecY='0' trimRecWidth='14' trimRecHeight='26' charValue='36' charOffsetX='4' charOffsetY='0' charAdvanceX='20' />
    <Sprite nameId='gameovercre1' originX='0' originY='0' positionX='70' positionY='0' sourceSizeWidth='14' sourceSizeHeight='32' padding='0' trimmed='0' trimRecX='0' trimRecY='2' trimRecWidth='14' trimRecHeight='24' charValue='37' charOffsetX='4' charOffsetY='0' charAdvanceX='20' />
    <Sprite nameId='gameovercre1' originX='0' originY='0' positionX='84' positionY='0' sourceSizeWidth='16' sourceSizeHeight='32' padding='0' trimmed='0' trimRecX='0' trimRecY='2' trimRecWidth='16' trimRecHeight='22' charValue='38' charOffsetX='4' charOffsetY='0' charAdvanceX='22' />
    <Sprite nameId='gameovercre1' originX='0' originY='0' positionX='100' positionY='0' sourceSizeWidth='4' sourceSizeHeight='32' padding='0' trimmed='0' trimRecX='0' trimRecY='2' trimRecWidth='4' trimRecHeight='8' charValue='39' charOffsetX='4' charOffsetY='0' charAdvanceX='10' />
    <Sprite nameId='gameovercre1' originX='0' originY='0' positionX='104' positionY='0' sourceSizeWidth='8' sourceSizeHeight='32' padding='0' trimmed='0' trimRecX='0' trimRecY='2' trimRecWidth='8' trimRecHeight='22' charValue='40' charOffsetX='4' charOffsetY='0' charAdvanceX='14' />
    <Sprite nameId='gameovercre1' originX='0' originY='0' positionX='112' positionY='0' sourceSizeWidth='8' sourceSizeHeight='32' padding='0' trimmed='0' trimRecX='0' trimRecY='2' trimRecWidth='8' trimRecHeight='22' charValue='41' charOffsetX='4' charOffsetY='0' charAdvanceX='14' />
    <Sprite nameId='gameovercre1' originX='0' originY='0' positionX='120' positionY='0' sourceSizeWidth='10' sourceSizeHeight='32' padding='0' trimmed='0' trimRecX='0' trimRecY='2' trimRecWidth='10' trimRecHeight='10' charValue='42' charOffsetX='4' charOffsetY='0' charAdvanceX='16' />
    <Sprite nameId='gameovercre1' originX='0' originY='0' positionX='130' positionY='0' sourceSizeWidth='16' sourceSizeHeight='32' padding='0' trimmed='0' trimRecX='0' trimRecY='6' trimRecWidth='16' trimRecHeight='16' charValue='43' charOffsetX='4' charOffsetY='0' charAdvanceX='22' />
    <Sprite nameId='gameovercre1' originX='0' originY='0' positionX='146' positionY='0' sourceSizeWidth='4' sourceSizeHeight='32' padding='0' trimmed='0' trimRecX='0' trimRecY='20' trimRecWidth='4' trimRecHeight='8' charValue='44' charOffsetX='4' charOffsetY='0' charAdvanceX='10' />
    <Sprite nameId='gameovercre1' originX='0' originY='0' positionX='150' positionY='0' sourceSizeWidth='14' sourceSizeHeight='32' padding='0' trimmed='0' trimRecX='0' trimRecY='12' trimRecWidth='14' trimRecHeight='4' charValue='45' charOffsetX='4' charOffsetY='0' charAdvanceX='20' />
    <Sprite nameId='gameovercre1' originX='0' originY='0' positionX='164' positionY='0' sourceSizeWidth='4' sourceSizeHeight='32' padding='0' trimmed='0' trimRecX='0' trimRecY='20' trimRecWidth='4' trimRecHeight='4' charValue='46' charOffsetX='4' charOffsetY='0' charAdvanceX='10' />
    <Sprite nameId='gameovercre1' originX='0' originY='0' positionX='168' positionY='0' sourceSizeWidth='14' sourceSizeHeight='32' padding='0' trimmed='0' trimRecX='0' trimRecY='2' trimRecWidth='14' trimRecHeight='24' charValue='47' charOffsetX='4' charOffsetY='0' charAdvanceX='20' />
    <Sprite nameId='gameovercre1' originX='0' originY='0' positionX='182' positionY='0' sourceSizeWidth='14' sourceSizeHeight='32' padding='0' trimmed='0' trimRecX='0' trimRecY='2' trimRecWidth='14' trimRecHeight='22' charValue='48' charOffsetX='4' charOffsetY='0' charAdvanceX='20' />
    <Sprite nameId='gameovercre1' originX='0' originY='0' positionX='196' positionY='0' sourceSizeWidth='8' sourceSizeHeight='32' padding='0' trimmed='0' trimRecX='0' trimRecY='2' trimRecWidth='8' trimRecHeight='22' charValue='49' charOffsetX='4' charOffsetY='0' charAdvanceX='14' />
    <Sprite nameId='gameovercre1' originX='0' originY='0' positionX='204' positionY='0' sourceSizeWidth='14' sourceSizeHeight='32' padding='0' trimmed='0' trimRecX='0' trimRecY='2' trimRecWidth='14' trimRecHeight='22' charValue='50' charOffsetX='4' charOffsetY='0' charAdvanceX='20' />
    <Sprite nameId='gameovercre1' originX='0' originY='0' positionX='218' positionY='0' sourceSizeWidth='14' sourceSizeHeight='32' padding='0' trimmed='0' trimRecX='0' trimRecY='2' trimRecWidth='14' trimRecHeight='22' charValue='51' charOffsetX='4' charOffsetY='0' charAdvanceX='20' />
    <Sprite nameId='gameovercre1' originX='0' originY='0' positionX='232' positionY='0' sourceSizeWidth='16' sourceSizeHeight='32' padding='0' trimmed='0' trimRecX='0' trimRecY='2' trimRecWidth='16' trimRecHeight='22' charValue='52' charOffsetX='4' charOffsetY='0' charAdvanceX='22' />
    <Sprite nameId='gameovercre1' originX='0' originY='0' positionX='0' positionY='32' sourceSizeWidth='14' sourceSizeHeight='32' padding='0' trimmed='0' trimRecX='0' trimRecY='2' trimRecWidth='14' trimRecHeight='22' charValue='53' charOffsetX='4' charOffsetY='0' charAdvanceX='20' />
    <Sprite nameId='gameovercre1' originX='0' originY='0' positionX='14' positionY='32' sourceSizeWidth='14' sourceSizeHeight='32' padding='0' trimmed='0' trimRecX='0' trimRecY='2' trimRecWidth='14' trimRecHeight='22' charValue='54' charOffsetX='4' charOffsetY='0' charAdvanceX='20' />
    <Sprite nameId='gameovercre1' originX='0' originY='0' positionX='28' positionY='32' sourceSizeWidth='14' sourceSizeHeight='32' padding='0' trimmed='0' trimRecX='0' trimRecY='2' trimRecWidth='14' trimRecHeight='22' charValue='55' charOffsetX='4' charOffsetY='0' charAdvanceX='20' />
    <Sprite nameId='gameovercre1' originX='0' originY='0' positionX='42' positionY='32' sourceSizeWidth='14' sourceSizeHeight='32' padding='0' trimmed='0' trimRecX='0' trimRecY='2' trimRecWidth='14' trimRecHeight='22' charValue='56' charOffsetX='4' charOffsetY='0' charAdvanceX='20' />
    <Sprite nameId='gameovercre1' originX='0' originY='0' positionX='56' positionY='32' sourceSizeWidth='14' sourceSizeHeight='32' padding='0' trimmed='0' trimRecX='0' trimRecY='2' trimRecWidth='14' trimRecHeight='22' charValue='57' charOffsetX='4' charOffsetY='0' charAdvanceX='20' />
    <Sprite nameId='gameovercre1' originX='0' originY='0' positionX='70' positionY='32' sourceSizeWidth='4' sourceSizeHeight='32' padding='0' trimmed='0' trimRecX='0' trimRecY='8' trimRecWidth='4' trimRecHeight='12' charValue='58' charOffsetX='4' charOffsetY='0' charAdvanceX='10' />
    <Sprite nameId='gameovercre1' originX='0' originY='0' positionX='74' positionY='32' sourceSizeWidth='4' sourceSizeHeight='32' padding='0' trimmed='0' trimRecX='0' trimRecY='12' trimRecWidth='4' trimRecHeight='16' charValue='59' charOffsetX='4' charOffsetY='0' charAdvanceX='10' />
    <Sprite nameId='gameovercre1' originX='0' originY='0' positionX='78' positionY='32' sourceSizeWidth='8' sourceSizeHeight='32' padding='0' trimmed='0' trimRecX='0' trimRecY='6' trimRecWidth='8' trimRecHeight='16' charValue='60' charOffsetX='4' charOffsetY='0' charAdvanceX='14' />
    <Sprite nameId='gameovercre1' originX='0' originY='0' positionX='86' positionY='32' sourceSizeWidth='12' sourceSizeHeight='32' padding='0' trimmed='0' trimRecX='0' trimRecY='8' trimRecWidth='12' trimRecHeight='12' charValue='61' charOffsetX='4' charOffsetY='0' charAdvanceX='18' />
    <Sprite nameId='gameovercre1' originX='0' originY='0' positionX='98' positionY='32' sourceSizeWidth='8' sourceSizeHeight='32' padding='0' trimmed='0' trimRecX='0' trimRecY='6' trimRecWidth='8' trimRecHeight='16' charValue='62' charOffsetX='4' charOffsetY='0' charAdvanceX='14' />
    <Sprite nameId='gameovercre1' originX='0' originY='0' positionX='106' positionY='32' sourceSizeWidth='14' sourceSizeHeight='32' padding='0' trimmed='0' trimRecX='0' trimRecY='2' trimRecWidth='14' trimRecHeight='22' charValue='63' charOffsetX='4' charOffsetY='0' charAdvanceX='20' />
    <Sprite nameId='gameovercre1' originX='0' originY='0' positionX='120' positionY='32' sourceSizeWidth='20' sourceSizeHeight='32' padding='0' trimmed='0' trimRecX='0' trimRecY='2' trimRecWidth='20' trimRecHeight='22' charValue='64' charOffsetX='4' charOffsetY='0' charAdvanceX='26' />
    <Sprite nameId='gameovercre1' originX='0' originY='0' positionX='140' positionY='32' sourceSizeWidth='14' sourceSizeHeight='32' padding='0' trimmed='0' trimRecX='0' trimRecY='2' trimRecWidth='14' trimRecHeight='22' charValue='65' charOffsetX='4' charOffsetY='0' charAdvanceX='20' />
    <Sprite nameId='gameovercre1' originX='0' originY='0' positionX='154' positionY='32' sourceSizeWidth='14' sourceSizeHeight='32' padding='0' trimmed='0' trimRecX='0' trimRecY='2' trimRecWidth='14' trimRecHeight='22' charValue='66' charOffsetX='4' charOffsetY='0' charAdvanceX='20' />
    <Sprite nameId='gameovercre1' originX='0' originY='0' positionX='168' positionY='32' sourceSizeWidth='14' sourceSizeHeight='32' padding='0' trimmed='0' trimRecX='0' trimRecY='2' trimRecWidth='14' trimRecHeight='22' charValue='67' charOffsetX='4' charOffsetY='0' charAdvanceX='20' />
    <Sprite nameId='gameovercre1' originX='0' originY='0' positionX='182' positionY='32' sourceSizeWidth='14' sourceSizeHeight='32' padding='0' trimmed='0' trimRecX='0' trimRecY='2' trimRecWidth='14' trimRecHeight='22' charValue='68' charOffsetX='4' charOffsetY='0' charAdvanceX='20' />
    <Sprite nameId='gameovercre1' originX='0' originY='0' positionX='196' positionY='32' sourceSizeWidth='14' sourceSizeHeight='32' padding='0' trimmed='0' trimRecX='0' trimRecY='2' trimRecWidth='14' trimRecHeight='22' charValue='69' charOffsetX='4' charOffsetY='0' charAdvanceX='20' />
    <Sprite nameId='gameovercre1' originX='0' originY='0' positionX='210' positionY='32' sourceSizeWidth='14' sourceSizeHeight='32' padding='0' trimmed='0' trimRecX='0' trimRecY='2' trimRecWidth='14' trimRecHeight='22' charValue='70' charOffsetX='4' charOffsetY='0' charAdvanceX='20' />
    <Sprite nameId='gameovercre1' originX='0' originY='0' positionX='224' positionY='32' sourceSizeWidth='14' sourceSizeHeight='32' padding='0' trimmed='0' trimRecX='0' trimRecY='2' trimRecWidth='14' trimRecHeight='22' charValue='71' charOffsetX='4' charOffsetY='0' charAdvanceX='20' />
    <Sprite nameId='gameovercre1' originX='0' originY='0' positionX='238' positionY='32' sourceSizeWidth='14' sourceSizeHeight='32' padding='0' trimmed='0' trimRecX='0' trimRecY='2' trimRecWidth='14' trimRecHeight='22' charValue='72' charOffsetX='4' charOffsetY='0' charAdvanceX='20' />
    <Sprite nameId='gameovercre1' originX='0' originY='0' positionX='252' positionY='32' sourceSizeWidth='4' sourceSizeHeight='32' padding='0' trimmed='0' trimRecX='0' trimRecY='2' trimRecWidth='4' trimRecHeight='22' charValue='73' charOffsetX='4' charOffsetY='0' charAdvanceX='10' />
    <Sprite nameId='gameovercre1' originX='0' originY='0' positionX='0' positionY='64' sourceSizeWidth='14' sourceSizeHeight='32' padding='0' trimmed='0' trimRecX='0' trimRecY='2' trimRecWidth='14' trimRecHeight='22' charValue='74' charOffsetX='4' charOffsetY='0' charAdvanceX='20' />
    <Sprite nameId='gameovercre1' originX='0' originY='0' positionX='14' positionY='64' sourceSizeWidth='16' sourceSizeHeight='32' padding='0' trimmed='0' trimRecX='0' trimRecY='2' trimRecWidth='16' trimRecHeight='22' charValue='75' charOffsetX='4' charOffsetY='0' charAdvanceX='22' />
    <Sprite nameId='gameovercre1' originX='0' originY='0' positionX='30' positionY='64' sourceSizeWidth='14' sourceSizeHeight='32' padding='0' trimmed='0' trimRecX='0' trimRecY='2' trimRecWidth='14' trimRecHeight='22' charValue='76' charOffsetX='4' charOffsetY='0' charAdvanceX='20' />
    <Sprite nameId='gameovercre1' originX='0' originY='0' positionX='44' positionY='64' sourceSizeWidth='16' sourceSizeHeight='32' padding='0' trimmed='0' trimRecX='0' trimRecY='2' trimRecWidth='16' trimRecHeight='22' charValue='77' charOffsetX='4' charOffsetY='0' charAdvanceX='22' />
    <Sprite nameId='gameovercre1' originX='0' originY='0' positionX='60' positionY='64' sourceSizeWidth='14' sourceSizeHeight='32' padding='0' trimmed='0' trimRecX='0' trimRecY='2' trimRecWidth='14' trimRecHeight='22' charValue='78' charOffsetX='4' charOffsetY='0' charAdvanceX='20' />
    <Sprite nameId='gameovercre1' originX='0' originY='0' positionX='74' positionY='64' sourceSizeWidth='14' sourceSizeHeight='32' padding='0' trimmed='0' trimRecX='0' trimRecY='2' trimRecWidth='14' trimRecHeight='22' charValue='79' charOffsetX='4' charOffsetY='0' charAdvanceX='20' />
    <Sprite nameId='gameovercre1' originX='0' originY='0' positionX='88' positionY='64' sourceSizeWidth='14' sourceSizeHeight='32' padding='0' trimmed='0' trimRecX='0' trimRecY='2' trimRecWidth='14' trimRecHeight='22' charValue='80' charOffsetX='4' charOffsetY='0' charAdvanceX='20' />
    <Sprite nameId='gameovercre1' originX='0' originY='0' positionX='102' positionY='64' sourceSizeWidth='16' sourceSizeHeight='32' padding='0' trimmed='0' trimRecX='0' trimRecY='2' trimRecWidth='16' trimRecHeight='22' charValue='81' charOffsetX='4' charOffsetY='0' charAdvanceX='22' />
    <Sprite nameId='gameovercre1' originX='0' originY='0' positionX='118' positionY='64' sourceSizeWidth='14' sourceSizeHeight='32' padding='0' trimmed='0' trimRecX='0' trimRecY='2' trimRecWidth='14' trimRecHeight='22' charValue='82' charOffsetX='4' charOffsetY='0' charAdvanceX='20' />
    <Sprite nameId='gameovercre1' originX='0' originY='0' positionX='132' positionY='64' sourceSizeWidth='14' sourceSizeHeight='32' padding='0' trimmed='0' trimRecX='0' trimRecY='2' trimRecWidth='14' trimRecHeight='22' charValue='83' charOffsetX='4' charOffsetY='0' charAdvanceX='20' />
    <Sprite nameId='gameovercre1' originX='0' originY='0' positionX='146' positionY='64' sourceSizeWidth='16' sourceSizeHeight='32' padding='0' trimmed='0' trimRecX='0' trimRecY='2' trimRecWidth='16' trimRecHeight='22' charValue='84' charOffsetX='4' charOffsetY='0' charAdvanceX='22' />
    <Sprite nameId='gameovercre1' originX='0' originY='0' positionX='162' positionY='64' sourceSizeWidth='14' sourceSizeHeight='32' padding='0' trimmed='0' trimRecX='0' trimRecY='2' trimRecWidth='14' trimRecHeight='22' charValue='85' charOffsetX='4' charOffsetY='0' charAdvanceX='20' />
    <Sprite nameId='gameovercre1' originX='0' originY='0' positionX='176' positionY='64' sourceSizeWidth='14' sourceSizeHeight='32' padding='0' trimmed='0' trimRecX='0' trimRecY='2' trimRecWidth='14' trimRecHeight='22' charValue='86' charOffsetX='4' charOffsetY='0' charAdvanceX='20' />
    <Sprite nameId='gameovercre1' originX='0' originY='0' positionX='190' positionY='64' sourceSizeWidth='16' sourceSizeHeight='32' padding='0' trimmed='0' trimRecX='0' trimRecY='2' trimRecWidth='16' trimRecHeight='22' charValue='87' charOffsetX='4' charOffsetY='0' charAdvanceX='22' />
    <Sprite nameId='gameovercre1' originX='0' originY='0' positionX='206' positionY='64' sourceSizeWidth='14' sourceSizeHeight='32' padding='0' trimmed='0' trimRecX='0' trimRecY='2' trimRecWidth='14' trimRecHeight='22' charValue='88' charOffsetX='4' charOffsetY='0' charAdvanceX='20' />
    <Sprite nameId='gameovercre1' originX='0' originY='0' positionX='220' positionY='64' sourceSizeWidth='16' sourceSizeHeight='32' padding='0' trimmed='0' trimRecX='0' trimRecY='2' trimRecWidth='16' trimRecHeight='22' charValue='89' charOffsetX='4' charOffsetY='0' charAdvanceX='22' />
    <Sprite nameId='gameovercre1' originX='0' originY='0' positionX='236' positionY='64' sourceSizeWidth='14' sourceSizeHeight='32' padding='0' trimmed='0' trimRecX='0' trimRecY='2' trimRecWidth='14' trimRecHeight='22' charValue='90' charOffsetX='4' charOffsetY='0' charAdvanceX='20' />
    <Sprite nameId='gameovercre1' originX='0' originY='0' positionX='0' positionY='96' sourceSizeWidth='8' sourceSizeHeight='32' padding='0' trimmed='0' trimRecX='0' trimRecY='2' trimRecWidth='8' trimRecHeight='24' charValue='91' charOffsetX='4' charOffsetY='0' charAdvanceX='14' />
    <Sprite nameId='gameovercre1' originX='0' originY='0' positionX='8' positionY='96' sourceSizeWidth='14' sourceSizeHeight='32' padding='0' trimmed='0' trimRecX='0' trimRecY='2' trimRecWidth='14' trimRecHeight='24' charValue='92' charOffsetX='4' charOffsetY='0' charAdvanceX='20' />
    <Sprite nameId='gameovercre1' originX='0' originY='0' positionX='22' positionY='96' sourceSizeWidth='8' sourceSizeHeight='32' padding='0' trimmed='0' trimRecX='0' trimRecY='2' trimRecWidth='8' trimRecHeight='24' charValue='93' charOffsetX='4' charOffsetY='0' charAdvanceX='14' />
    <Sprite nameId='gameovercre1' originX='0' originY='0' positionX='30' positionY='96' sourceSizeWidth='10' sourceSizeHeight='32' padding='0' trimmed='0' trimRecX='0' trimRecY='0' trimRecWidth='10' trimRecHeight='8' charValue='94' charOffsetX='4' charOffsetY='0' charAdvanceX='16' />
    <Sprite nameId='gameovercre1' originX='0' originY='0' positionX='40' positionY='96' sourceSizeWidth='12' sourceSizeHeight='32' padding='0' trimmed='0' trimRecX='0' trimRecY='26' trimRecWidth='12' trimRecHeight='4' charValue='95' charOffsetX='4' charOffsetY='0' charAdvanceX='18' />
    <Sprite nameId='gameovercre1' originX='0' originY='0' positionX='52' positionY='96' sourceSizeWidth='8' sourceSizeHeight='32' padding='0' trimmed='0' trimRecX='0' trimRecY='2' trimRecWidth='8' trimRecHeight='4' charValue='96' charOffsetX='4' charOffsetY='0' charAdvanceX='14' />
    <Sprite nameId='gameovercre1' originX='0' originY='0' positionX='60' positionY='96' sourceSizeWidth='14' sourceSizeHeight='32' padding='0' trimmed='0' trimRecX='0' trimRecY='6' trimRecWidth='14' trimRecHeight='18' charValue='97' charOffsetX='4' charOffsetY='0' charAdvanceX='20' />
    <Sprite nameId='gameovercre1' originX='0' originY='0' positionX='74' positionY='96' sourceSizeWidth='14' sourceSizeHeight='32' padding='0' trimmed='0' trimRecX='0' trimRecY='2' trimRecWidth='14' trimRecHeight='22' charValue='98' charOffsetX='2' charOffsetY='0' charAdvanceX='18' />
    <Sprite nameId='gameovercre1' originX='0' originY='0' positionX='88' positionY='96' sourceSizeWidth='12' sourceSizeHeight='32' padding='0' trimmed='0' trimRecX='0' trimRecY='6' trimRecWidth='12' trimRecHeight='18' charValue='99' charOffsetX='4' charOffsetY='0' charAdvanceX='18' />
    <Sprite nameId='gameovercre1' originX='0' originY='0' positionX='100' positionY='96' sourceSizeWidth='14' sourceSizeHeight='32' padding='0' trimmed='0' trimRecX='0' trimRecY='2' trimRecWidth='14' trimRecHeight='22' charValue='100' charOffsetX='4' charOffsetY='0' charAdvanceX='20' />
    <Sprite nameId='gameovercre1' originX='0' originY='0' positionX='114' positionY='96' sourceSizeWidth='14' sourceSizeHeight='32' padding='0' trimmed='0' trimRecX='0' trimRecY='6' trimRecWidth='14' trimRecHeight='18' charValue='101' charOffsetX='4' charOffsetY='0' charAdvanceX='20' />
    <Sprite nameId='gameovercre1' originX='0' originY='0' positionX='128' positionY='96' sourceSizeWidth='12' sourceSizeHeight='32' padding='0' trimmed='0' trimRecX='0' trimRecY='2' trimRecWidth='12' trimRecHeight='22' charValue='102' charOffsetX='4' charOffsetY='0' charAdvanceX='18' />
    <Sprite nameId='gameovercre1' originX='0' originY='0' positionX='140' positionY='96' sourceSizeWidth='14' sourceSizeHeight='32' padding='0' trimmed='0' trimRecX='0' trimRecY='6' trimRecWidth='14' trimRecHeight='24' charValue='103' charOffsetX='4' charOffsetY='0' charAdvanceX='20' />
    <Sprite nameId='gameovercre1' originX='0' originY='0' positionX='154' positionY='96' sourceSizeWidth='14' sourceSizeHeight='32' padding='0' trimmed='0' trimRecX='0' trimRecY='2' trimRecWidth='14' trimRecHeight='22' charValue='104' charOffsetX='4' charOffsetY='0' charAdvanceX='20' />
    <Sprite nameId='gameovercre1' originX='0' originY='0' positionX='168' positionY='96' sourceSizeWidth='4' sourceSizeHeight='32' padding='0' trimmed='0' trimRecX='0' trimRecY='2' trimRecWidth='4' trimRecHeight='22' charValue='105' charOffsetX='4' charOffsetY='0' charAdvanceX='10' />
    <Sprite nameId='gameovercre1' originX='0' originY='0' positionX='172' positionY='96' sourceSizeWidth='12' sourceSizeHeight='32' padding='0' trimmed='0' trimRecX='0' trimRecY='2' trimRecWidth='12' trimRecHeight='28' charValue='106' charOffsetX='0' charOffsetY='0' charAdvanceX='14' />
    <Sprite nameId='gameovercre1' originX='0' originY='0' positionX='184' positionY='96' sourceSizeWidth='14' sourceSizeHeight='32' padding='0' trimmed='0' trimRecX='0' trimRecY='2' trimRecWidth='14' trimRecHeight='22' charValue='107' charOffsetX='4' charOffsetY='0' charAdvanceX='20' />
    <Sprite nameId='gameovercre1' originX='0' originY='0' positionX='198' positionY='96' sourceSizeWidth='4' sourceSizeHeight='32' padding='0' trimmed='0' trimRecX='0' trimRecY='2' trimRecWidth='4' trimRecHeight='22' charValue='108' charOffsetX='4' charOffsetY='0' charAdvanceX='10' />
    <Sprite nameId='gameovercre1' originX='0' originY='0' positionX='202' positionY='96' sourceSizeWidth='16' sourceSizeHeight='32' padding='0' trimmed='0' trimRecX='0' trimRecY='6' trimRecWidth='16' trimRecHeight='18' charValue='109' charOffsetX='4' charOffsetY='0' charAdvanceX='22' />
    <Sprite nameId='gameovercre1' originX='0' originY='0' positionX='218' positionY='96' sourceSizeWidth='14' sourceSizeHeight='32' padding='0' trimmed='0' trimRecX='0' trimRecY='6' trimRecWidth='14' trimRecHeight='18' charValue='110' charOffsetX='4' charOffsetY='0' charAdvanceX='20' />
    <Sprite nameId='gameovercre1' originX='0' originY='0' positionX='232' positionY='96' sourceSizeWidth='14' sourceSizeHeight='32' padding='0' trimmed='0' trimRecX='0' trimRecY='6' trimRecWidth='14' trimRecHeight='18' charValue='111' charOffsetX='4' charOffsetY='0' charAdvanceX='20' />
    <Sprite nameId='gameovercre1' originX='0' originY='0' positionX='0' positionY='128' sourceSizeWidth='14' sourceSizeHeight='32' padding='0' trimmed='0' trimRecX='0' trimRecY='6' trimRecWidth='14' trimRecHeight='24' charValue='112' charOffsetX='4' charOffsetY='0' charAdvanceX='20' />
    <Sprite nameId='gameovercre1' originX='0' originY='0' positionX='14' positionY='128' sourceSizeWidth='14' sourceSizeHeight='32' padding='0' trimmed='0' trimRecX='0' trimRecY='6' trimRecWidth='14' trimRecHeight='24' charValue='113' charOffsetX='4' charOffsetY='0' charAdvanceX='20' />
    <Sprite nameId='gameovercre1' originX='0' originY='0' positionX='28' positionY='128' sourceSizeWidth='10' sourceSizeHeight='32' padding='0' trimmed='0' trimRecX='0' trimRecY='6' trimRecWidth='10' trimRecHeight='18' charValue='114' charOffsetX='4' charOffsetY='0' charAdvanceX='16' />
    <Sprite nameId='gameovercre1' originX='0' originY='0' positionX='38' positionY='128' sourceSizeWidth='14' sourceSizeHeight='32' padding='0' trimmed='0' trimRecX='0' trimRecY='6' trimRecWidth='14' trimRecHeight='18' charValue='115' charOffsetX='4' charOffsetY='0' charAdvanceX='20' />
    <Sprite nameId='gameovercre1' originX='0' originY='0' positionX='52' positionY='128' sourceSizeWidth='10' sourceSizeHeight='32' padding='0' trimmed='0' trimRecX='0' trimRecY='2' trimRecWidth='10' trimRecHeight='22' charValue='116' charOffsetX='4' charOffsetY='0' charAdvanceX='16' />
    <Sprite nameId='gameovercre1' originX='0' originY='0' positionX='62' positionY='128' sourceSizeWidth='14' sourceSizeHeight='32' padding='0' trimmed='0' trimRecX='0' trimRecY='6' trimRecWidth='14' trimRecHeight='18' charValue='117' charOffsetX='4' charOffsetY='0' charAdvanceX='20' />
    <Sprite nameId='gameovercre1' originX='0' originY='0' positionX='76' positionY='128' sourceSizeWidth='14' sourceSizeHeight='32' padding='0' trimmed='0' trimRecX='0' trimRecY='6' trimRecWidth='14' trimRecHeight='18' charValue='118' charOffsetX='4' charOffsetY='0' charAdvanceX='20' />
    <Sprite nameId='gameovercre1' originX='0' originY='0' positionX='90' positionY='128' sourceSizeWidth='16' sourceSizeHeight='32' padding='0' trimmed='0' trimRecX='0' trimRecY='6' trimRecWidth='16' trimRecHeight='18' charValue='119' charOffsetX='4' charOffsetY='0' charAdvanceX='22' />
    <Sprite nameId='gameovercre1' originX='0' originY='0' positionX='106' positionY='128' sourceSizeWidth='14' sourceSizeHeight='32' padding='0' trimmed='0' trimRecX='0' trimRecY='6' trimRecWidth='14' trimRecHeight='18' charValue='120' charOffsetX='4' charOffsetY='0' charAdvanceX='20' />
    <Sprite nameId='gameovercre1' originX='0' originY='0' positionX='120' positionY='128' sourceSizeWidth='14' sourceSizeHeight='32' padding='0' trimmed='0' trimRecX='0' trimRecY='6' trimRecWidth='14' trimRecHeight='24' charValue='121' charOffsetX='4' charOffsetY='0' charAdvanceX='20' />
    <Sprite nameId='gameovercre1' originX='0' originY='0' positionX='134' positionY='128' sourceSizeWidth='14' sourceSizeHeight='32' padding='0' trimmed='0' trimRecX='0' trimRecY='6' trimRecWidth='14' trimRecHeight='18' charValue='122' charOffsetX='4' charOffsetY='0' charAdvanceX='20' />
    <Sprite nameId='gameovercre1' originX='0' originY='0' positionX='148' positionY='128' sourceSizeWidth='10' sourceSizeHeight='32' padding='0' trimmed='0' trimRecX='0' trimRecY='2' trimRecWidth='10' trimRecHeight='26' charValue='123' charOffsetX='4' charOffsetY='0' charAdvanceX='16' />
    <Sprite nameId='gameovercre1' originX='0' originY='0' positionX='158' positionY='128' sourceSizeWidth='4' sourceSizeHeight='32' padding='0' trimmed='0' trimRecX='0' trimRecY='2' trimRecWidth='4' trimRecHeight='26' charValue='124' charOffsetX='4' charOffsetY='0' charAdvanceX='10' />
    <Sprite nameId='gameovercre1' originX='0' originY='0' positionX='162' positionY='128' sourceSizeWidth='10' sourceSizeHeight='32' padding='0' trimmed='0' trimRecX='0' trimRecY='2' trimRecWidth='10' trimRecHeight='26' charValue='125' charOffsetX='4' charOffsetY='0' charAdvanceX='16' />
    <Sprite nameId='gameovercre1' originX='0' originY='0' positionX='172' positionY='128' sourceSizeWidth='16' sourceSizeHeight='32' padding='0' trimmed='0' trimRecX='0' trimRecY='12' trimRecWidth='16' trimRecHeight='8' charValue='126' charOffsetX='4' charOffsetY='0' charAdvanceX='22' />
</AtlasTexture>
