<!--File to load all the pushbacks for animations-->
<animations>
  <hunter>
    <overworld>
      <walk_front>
        <pushback x ="10" y="10" w="30" h="32"/>
        <pushback x ="50" y="10" w="30" h="32"/>
        <pushback x ="90" y="10" w="30" h="32"/>
      </walk_front>

      <walk_left>
        <pushback x ="10" y="52" w="28" h ="32"/>
        <pushback x ="50" y="52" w="24" h ="32"/>
        <pushback x ="90" y="52" w="28" h ="32"/>
      </walk_left>

      <walk_right>
        <pushback x ="10" y="94" w="28" h ="32"/>
        <pushback x ="50" y="94" w="24" h ="32"/>
        <pushback x ="90" y="94" w="28" h ="32"/>
      </walk_right>

      <walk_up>
        <pushback x ="10" y="136" w="30" h ="32"/>
        <pushback x ="50" y="136" w="30" h ="32"/>
        <pushback x ="90" y="136" w="30" h ="32"/>
      </walk_up>
    </overworld>
    <battlers>
      <idle>
        <pushback x ="0" y="0" w="30" h ="50"/>
        <pushback x ="55" y="0" w="30" h ="50"/>
        <pushback x ="110" y="0" w="30" h ="50"/>
      </idle>

      <left_arm_stabbing>
        <pushback x ="165" y ="0" w="32" h="50"/>
        <pushback x ="220" y ="0" w="41" h="50"/>
        <pushback x ="275" y ="0" w="32" h="50"/>
      </left_arm_stabbing>

      <flee>
        <pushback x ="330" y ="0" w="32" h="50"/>
        <pushback x ="385" y ="0" w="30" h="50"/>
        <pushback x ="440" y ="0" w="32" h="50"/>
      </flee>

      <ready_attack>
        <pushback x ="0" y ="50" w="43" h="50"/>
        <pushback x ="55" y ="50" w="43" h="50"/>
        <pushback x ="110" y ="50" w="43" h="50"/>
      </ready_attack>

      <right_arm_swinging>
        <pushback x ="165" y ="50" w="32" h="50"/>
        <pushback x ="220" y ="50" w="32" h="50"/>
        <pushback x ="275" y ="50" w="32" h="50"/>
      </right_arm_swinging>

      <victory>
        <pushback x ="330" y ="50" w="41" h="50"/>
        <pushback x ="385" y ="50" w="30" h="50"/>
        <pushback x ="440" y ="50" w="41" h="50"/>
      </victory>

      <ready_magic>
        <pushback x ="0" y ="110" w="43" h="50"/>
        <pushback x ="55" y ="110" w="43" h="50"/>
        <pushback x ="110" y ="110" w="43" h="50"/>
      </ready_magic>

      <left_arm_shooting>
        <pushback x ="165" y ="110" w="32" h="50"/>
        <pushback x ="220" y ="110" w="41" h="50"/>
        <pushback x ="275" y ="110" w="32" h="50"/>
      </left_arm_shooting>

      <caution>
        <pushback x ="330" y ="110" w="34" h="50"/>
        <pushback x ="385" y ="110" w="34" h="50"/>
        <pushback x ="440" y ="110" w="34" h="50"/>
      </caution>

      <defend>
        <pushback x ="0" y ="170" w="43" h="50"/>
        <pushback x ="55" y ="170" w="43" h="50"/>
        <pushback x ="110" y ="170" w="43" h="50"/>
      </defend>

      <special>
        <pushback x ="165" y ="170" w="32" h="50"/>
        <pushback x ="220" y ="170" w="32" h="50"/>
        <pushback x ="275" y ="170" w="32" h="50"/>
      </special>

      <abnormal_state>
        <pushback x ="330" y ="170" w="34" h="50"/>
        <pushback x ="385" y ="170" w="34" h="50"/>
        <pushback x ="440" y ="170" w="34" h="50"/>
      </abnormal_state>

      <damage_taken>
        <pushback x ="0" y ="230" w="45" h="50"/>
        <pushback x ="55" y ="230" w="45" h="50"/>
        <pushback x ="110" y ="230" w="45" h="50"/>
      </damage_taken>

      <use_magic>
        <pushback x ="165" y ="230" w="41" h="50"/>
        <pushback x ="220" y ="230" w="41" h="50"/>
        <pushback x ="275" y ="230" w="41" h="50"/>
      </use_magic>

      <sleep>
        <pushback x ="330" y ="230" w="34" h="50"/>
        <pushback x ="385" y ="230" w="34" h="50"/>
        <pushback x ="440" y ="230" w="34" h="50"/>
      </sleep>

      <evade>
        <pushback x ="0" y ="290" w="43" h="50"/>
        <pushback x ="55" y ="290" w="43" h="50"/>
        <pushback x ="110" y ="290" w="43" h="50"/>
      </evade>

      <use_item>
        <pushback x ="165" y ="290" w="41" h="50"/>
        <pushback x ="220" y ="290" w="41" h="50"/>
        <pushback x ="275" y ="290" w="41" h="50"/>
      </use_item>

      <death>
        <pushback x ="330" y ="290" w="45" h="50"/>
        <pushback x ="385" y ="290" w="45" h="50"/>
        <pushback x ="440" y ="290" w="45" h="50"/>
      </death>
    </battlers>
  </hunter>
  <wizard>
    <overworld>
      <walk_front>
        <pushback x ="10" y="10" w="30" h="32"/>
        <pushback x ="50" y="10" w="30" h="32"/>
        <pushback x ="90" y="10" w="30" h="32"/>
      </walk_front>

      <walk_left>
        <pushback x ="10" y="52" w="28" h ="32"/>
        <pushback x ="50" y="52" w="26" h ="32"/>
        <pushback x ="90" y="52" w="28" h ="32"/>
      </walk_left>

      <walk_right>
        <pushback x ="10" y="94" w="28" h ="32"/>
        <pushback x ="50" y="94" w="26" h ="32"/>
        <pushback x ="90" y="94" w="28" h ="32"/>
      </walk_right>

      <walk_up>
        <pushback x ="10" y="136" w="30" h ="32"/>
        <pushback x ="50" y="136" w="30" h ="32"/>
        <pushback x ="90" y="136" w="30" h ="32"/>
      </walk_up>
    </overworld>
    <battlers>
      <idle>
        <pushback x ="0" y ="0" w="33" h="50"/>
        <pushback x ="56" y ="0" w="33" h="50"/>
        <pushback x ="112" y ="0" w="33" h="50"/>
      </idle>

      <left_arm_stabbing>
        <pushback x ="168" y ="0" w="33" h="50"/>
        <pushback x ="224" y ="0" w="33" h="50"/>
        <pushback x ="280" y ="0" w="33" h="50"/>
      </left_arm_stabbing>

      <flee>
        <pushback x ="336" y ="0" w="33" h="50"/>
        <pushback x ="392" y ="0" w="33" h="50"/>
        <pushback x ="448" y ="0" w="33" h="50"/>
      </flee>

      <ready_attack>
        <pushback x ="0" y ="50" w="33" h="50"/>
        <pushback x ="56" y ="50" w="33" h="50"/>
        <pushback x ="112" y ="50" w="33" h="50"/>
      </ready_attack>

      <right_arm_swinging>
        <pushback x ="168" y ="50" w="33" h="50"/>
        <pushback x ="224" y ="50" w="33" h="50"/>
        <pushback x ="280" y ="50" w="33" h="50"/>
      </right_arm_swinging>

      <victory>
        <pushback x ="336" y ="50" w="33" h="50"/>
        <pushback x ="392" y ="50" w="33" h="50"/>
        <pushback x ="448" y ="50" w="33" h="50"/>
      </victory>

      <ready_magic>
        <pushback x ="0" y ="110" w="33" h="50"/>
        <pushback x ="56" y ="110" w="33" h="50"/>
        <pushback x ="112" y ="110" w="33" h="50"/>
      </ready_magic>

      <left_arm_shooting>
        <pushback x ="168" y ="110" w="33" h="50"/>
        <pushback x ="224" y ="110" w="33" h="50"/>
        <pushback x ="280" y ="110" w="33" h="50"/>
      </left_arm_shooting>

      <caution>
        <pushback x ="336" y ="110" w="33" h="50"/>
        <pushback x ="392" y ="110" w="33" h="50"/>
        <pushback x ="448" y ="110" w="33" h="50"/>
      </caution>

      <defend>
        <pushback x ="0" y ="170" w="33" h="50"/>
        <pushback x ="56" y ="170" w="33" h="50"/>
        <pushback x ="112" y ="170" w="33" h="50"/>
      </defend>

      <special>
        <pushback x ="168" y ="170" w="33" h="50"/>
        <pushback x ="224" y ="170" w="33" h="50"/>
        <pushback x ="280" y ="170" w="33" h="50"/>
      </special>

      <abnormal_state>
        <pushback x ="336" y ="170" w="33" h="50"/>
        <pushback x ="392" y ="170" w="33" h="50"/>
        <pushback x ="448" y ="170" w="33" h="50"/>
      </abnormal_state>

      <damage_taken>
        <pushback x ="0" y ="230" w="33" h="50"/>
        <pushback x ="56" y ="230" w="33" h="50"/>
        <pushback x ="112" y ="230" w="33" h="50"/>
      </damage_taken>

      <use_magic>
        <pushback x ="168" y ="230" w="33" h="50"/>
        <pushback x ="224" y ="230" w="33" h="50"/>
        <pushback x ="280" y ="230" w="33" h="50"/>
      </use_magic>

      <sleep>
        <pushback x ="336" y ="230" w="33" h="50"/>
        <pushback x ="392" y ="230" w="33" h="50"/>
        <pushback x ="448" y ="230" w="33" h="50"/>
      </sleep>

      <evade>
        <pushback x ="0" y ="290" w="33" h="50"/>
        <pushback x ="56" y ="290" w="33" h="50"/>
        <pushback x ="112" y ="290" w="33" h="50"/>
      </evade>

      <use_item>
        <pushback x ="168" y ="290" w="33" h="50"/>
        <pushback x ="224" y ="290" w="33" h="50"/>
        <pushback x ="280" y ="290" w="33" h="50"/>
      </use_item>

      <death>
        <pushback x ="336" y ="290" w="46" h="50"/>
        <pushback x ="392" y ="290" w="46" h="50"/>
        <pushback x ="448" y ="290" w="46" h="50"/>
      </death>

    </battlers>
  </wizard>
  <thief>
    <overworld>
      <walk_front>
        <pushback x ="10" y="10" w="27" h="32"/>
        <pushback x ="46" y="10" w="27" h="32"/>
        <pushback x ="83" y="10" w="27" h="32"/>
      </walk_front>

      <walk_left>
        <pushback x ="10" y="51" w="27" h ="32"/>
        <pushback x ="46" y="51" w="27" h ="32"/>
        <pushback x ="83" y="51" w="27" h ="32"/>
      </walk_left>

      <walk_right>
        <pushback x ="10" y="93" w="27" h ="32"/>
        <pushback x ="46" y="93" w="25" h ="32"/>
        <pushback x ="83" y="93" w="27" h ="32"/>
      </walk_right>

      <walk_up>
        <pushback x ="10" y="136" w="24" h ="32"/>
        <pushback x ="46" y="136" w="24" h ="32"/>
        <pushback x ="83" y="136" w="24" h ="32"/>
      </walk_up>
    </overworld>
    <battlers>
      <idle>
        <pushback x ="0" y ="0" w="29" h="50"/>
        <pushback x ="55" y ="0" w="29" h="50"/>
        <pushback x ="110" y ="0" w="29" h="50"/>
      </idle>

      <left_arm_stabbing>
        <pushback x ="165" y ="0" w="29" h="50"/>
        <pushback x ="220" y ="0" w="29" h="50"/>
        <pushback x ="275" y ="0" w="29" h="50"/>
      </left_arm_stabbing>

      <flee>
        <pushback x ="330" y ="0" w="29" h="50"/>
        <pushback x ="385" y ="0" w="29" h="50"/>
        <pushback x ="440" y ="0" w="29" h="50"/>
      </flee>

      <ready_attack>
        <pushback x ="0" y ="50" w="29" h="50"/>
        <pushback x ="55" y ="50" w="29" h="50"/>
        <pushback x ="110" y ="50" w="29" h="50"/>
      </ready_attack>

      <right_arm_swinging>
        <pushback x ="165" y ="50" w="29" h="50"/>
        <pushback x ="220" y ="50" w="29" h="50"/>
        <pushback x ="275" y ="50" w="29" h="50"/>
      </right_arm_swinging>

      <victory>
        <pushback x ="330" y ="50" w="29" h="50"/>
        <pushback x ="385" y ="50" w="29" h="50"/>
        <pushback x ="440" y ="50" w="29" h="50"/>
      </victory>

      <ready_magic>
        <pushback x ="0" y ="110" w="29" h="50"/>
        <pushback x ="55" y ="110" w="29" h="50"/>
        <pushback x ="110" y ="110" w="29" h="50"/>
      </ready_magic>

      <left_arm_shooting>
        <pushback x ="165" y ="110" w="29" h="50"/>
        <pushback x ="220" y ="110" w="29" h="50"/>
        <pushback x ="275" y ="110" w="29" h="50"/>
      </left_arm_shooting>

      <caution>
        <pushback x ="330" y ="110" w="29" h="50"/>
        <pushback x ="385" y ="110" w="29" h="50"/>
        <pushback x ="440" y ="110" w="29" h="50"/>
      </caution>

      <defend>
        <pushback x ="0" y ="170" w="29" h="50"/>
        <pushback x ="55" y ="170" w="29" h="50"/>
        <pushback x ="110" y ="170" w="29" h="50"/>
      </defend>

      <special>
        <pushback x ="165" y ="170" w="29" h="50"/>
        <pushback x ="220" y ="170" w="29" h="50"/>
        <pushback x ="275" y ="170" w="29" h="50"/>
      </special>

      <abnormal_state>
        <pushback x ="330" y ="170" w="29" h="50"/>
        <pushback x ="385" y ="170" w="29" h="50"/>
        <pushback x ="440" y ="170" w="29" h="50"/>
      </abnormal_state>

      <damage_taken>
        <pushback x ="0" y ="230" w="29" h="50"/>
        <pushback x ="55" y ="230" w="29" h="50"/>
        <pushback x ="110" y ="230" w="29" h="50"/>
      </damage_taken>

      <use_magic>
        <pushback x ="165" y ="230" w="29" h="50"/>
        <pushback x ="220" y ="230" w="29" h="50"/>
        <pushback x ="275" y ="230" w="29" h="50"/>
      </use_magic>

      <sleep>
        <pushback x ="330" y ="230" w="29" h="50"/>
        <pushback x ="385" y ="230" w="29" h="50"/>
        <pushback x ="440" y ="230" w="29" h="50"/>
      </sleep>

      <evade>
        <pushback x ="0" y ="290" w="29" h="50"/>
        <pushback x ="55" y ="290" w="29" h="50"/>
        <pushback x ="110" y ="290" w="29" h="50"/>
      </evade>

      <use_item>
        <pushback x ="165" y ="290" w="29" h="50"/>
        <pushback x ="220" y ="290" w="29" h="50"/>
        <pushback x ="275" y ="290" w="29" h="50"/>
      </use_item>

      <death>
        <pushback x ="330" y ="290" w="45" h="50"/>
        <pushback x ="385" y ="290" w="45" h="50"/>
        <pushback x ="440" y ="290" w="45" h="50"/>
      </death>
    </battlers>
  </thief>
  <warrior>
    <overworld>
      <walk_front>
        <pushback x ="10" y="10" w="29" h="32"/>
        <pushback x ="49" y="10" w="28" h="32"/>
        <pushback x ="87" y="10" w="28" h="32"/>
      </walk_front>

      <walk_left>
        <pushback x ="10" y="52" w="24" h ="32"/>
        <pushback x ="49" y="52" w="24" h ="32"/>
        <pushback x ="87" y="52" w="24" h ="32"/>
      </walk_left>

      <walk_right>
        <pushback x ="10" y="94" w="24" h ="32"/>
        <pushback x ="49" y="94" w="24" h ="32"/>
        <pushback x ="87" y="94" w="24" h ="32"/>
      </walk_right>

      <walk_up>
        <pushback x ="10" y="136" w="29" h ="32"/>
        <pushback x ="49" y="136" w="25" h ="32"/>
        <pushback x ="87" y="136" w="28" h ="32"/>
      </walk_up>
    </overworld>
    <battlers>
      <idle>
        <pushback x ="0" y ="0" w="34" h="50"/>
        <pushback x ="58" y ="0" w="34" h="50"/>
        <pushback x ="116" y ="0" w="34" h="50"/>
      </idle>

      <left_arm_stabbing>
        <pushback x ="174" y ="0" w="34" h="50"/>
        <pushback x ="232" y ="0" w="34" h="50"/>
        <pushback x ="290" y ="0" w="34" h="50"/>
      </left_arm_stabbing>

      <flee>
        <pushback x ="348" y ="0" w="34" h="50"/>
        <pushback x ="406" y ="0" w="34" h="50"/>
        <pushback x ="464" y ="0" w="34" h="50"/>
      </flee>

      <ready_attack>
        <pushback x ="0" y ="50" w="34" h="50"/>
        <pushback x ="58" y ="50" w="34" h="50"/>
        <pushback x ="116" y ="50" w="34" h="50"/>
      </ready_attack>

      <right_arm_swinging>
        <pushback x ="174" y ="50" w="34" h="50"/>
        <pushback x ="232" y ="50" w="34" h="50"/>
        <pushback x ="290" y ="50" w="34" h="50"/>
      </right_arm_swinging>

      <victory>
        <pushback x ="348" y ="50" w="34" h="50"/>
        <pushback x ="406" y ="50" w="34" h="50"/>
        <pushback x ="464" y ="50" w="34" h="50"/>
      </victory>

      <ready_magic>
        <pushback x ="0" y ="110" w="34" h="50"/>
        <pushback x ="56" y ="110" w="34" h="50"/>
        <pushback x ="116" y ="110" w="34" h="50"/>
      </ready_magic>

      <left_arm_shooting>
        <pushback x ="174" y ="110" w="34" h="50"/>
        <pushback x ="232" y ="110" w="34" h="50"/>
        <pushback x ="290" y ="110" w="34" h="50"/>
      </left_arm_shooting>

      <caution>
        <pushback x ="348" y ="110" w="34" h="50"/>
        <pushback x ="406" y ="110" w="34" h="50"/>
        <pushback x ="464" y ="110" w="34" h="50"/>
      </caution>

      <defend>
        <pushback x ="0" y ="170" w="34" h="50"/>
        <pushback x ="56" y ="170" w="34" h="50"/>
        <pushback x ="116" y ="170" w="34" h="50"/>
      </defend>

      <special>
        <pushback x ="174" y ="170" w="34" h="50"/>
        <pushback x ="232" y ="170" w="34" h="50"/>
        <pushback x ="290" y ="170" w="34" h="50"/>
      </special>

      <abnormal_state>
        <pushback x ="348" y ="170" w="34" h="50"/>
        <pushback x ="406" y ="170" w="34" h="50"/>
        <pushback x ="464" y ="170" w="34" h="50"/>
      </abnormal_state>

      <damage_taken>
        <pushback x ="0" y ="230" w="34" h="50"/>
        <pushback x ="58" y ="230" w="34" h="50"/>
        <pushback x ="116" y ="230" w="34" h="50"/>
      </damage_taken>

      <use_magic>
        <pushback x ="174" y ="230" w="34" h="50"/>
        <pushback x ="232" y ="230" w="34" h="50"/>
        <pushback x ="290" y ="230" w="34" h="50"/>
      </use_magic>

      <sleep>
        <pushback x ="348" y ="230" w="34" h="50"/>
        <pushback x ="406" y ="230" w="34" h="50"/>
        <pushback x ="464" y ="230" w="34" h="50"/>
      </sleep>

      <evade>
        <pushback x ="0" y ="290" w="34" h="50"/>
        <pushback x ="58" y ="290" w="34" h="50"/>
        <pushback x ="116" y ="290" w="34" h="50"/>
      </evade>

      <use_item>
        <pushback x ="174" y ="290" w="34" h="50"/>
        <pushback x ="232" y ="290" w="34" h="50"/>
        <pushback x ="290" y ="290" w="34" h="50"/>
      </use_item>

      <death>
        <pushback x ="348" y ="290" w="48" h="50"/>
        <pushback x ="406" y ="290" w="48" h="50"/>
        <pushback x ="464" y ="290" w="48" h="50"/>
      </death>
    </battlers>
  </warrior>
  <town>
    <overworld>
      <walk_front>
        <pushback x ="297" y="7" w="29" h="33"/>
        <pushback x ="345" y="7" w="29" h="33"/>
        <pushback x ="393" y="7" w="29" h="33"/>
      </walk_front>

      <walk_left>
        <pushback x ="299" y="53" w="25" h ="33"/>
        <pushback x ="347" y="53" w="25" h ="33"/>
        <pushback x ="395" y="53" w="25" h ="33"/>
      </walk_left>

      <walk_right>
        <pushback x ="299" y="101" w="25" h ="33"/>
        <pushback x ="347" y="101" w="25" h ="33"/>
        <pushback x ="395" y="101" w="25" h ="33"/>
      </walk_right>

      <walk_up>
        <pushback x ="297" y="151" w="29" h ="33"/>
        <pushback x ="345" y="151" w="29" h ="33"/>
        <pushback x ="393" y="151" w="29" h ="33"/>
      </walk_up>
    </overworld>
  </town>
  <npc_wizard>
    <overworld>
      <walk_front>
        <pushback x ="9" y="7" w="31" h="33"/>
        <pushback x ="57" y="7" w="31" h="33"/>
        <pushback x ="105" y="7" w="31" h="33"/>
      </walk_front>

      <walk_left>
        <pushback x ="9" y="55" w="31" h ="33"/>
        <pushback x ="57" y="55" w="31" h ="33"/>
        <pushback x ="105" y="55" w="31" h ="33"/>
      </walk_left>

      <walk_right>
        <pushback x ="7" y="101" w="31" h ="33"/>
        <pushback x ="55" y="101" w="31" h ="33"/>
        <pushback x ="103" y="101" w="31" h ="33"/>
      </walk_right>

      <walk_up>
        <pushback x ="7" y="151" w="31" h ="33"/>
        <pushback x ="55" y="151" w="31" h ="33"/>
        <pushback x ="103" y="151" w="31" h ="33"/>
      </walk_up>
    </overworld>
  </npc_wizard>
  <tabern>
    <overworld>
      <walk_front>
        <pushback x ="11" y="3" w="31" h="37"/>
        <pushback x ="57" y="3" w="31" h="37"/>
        <pushback x ="107" y="3" w="31" h="37"/>
      </walk_front>

      <walk_left>
        <pushback x ="9" y="49" w="31" h ="37"/>
        <pushback x ="57" y="49" w="31" h ="37"/>
        <pushback x ="105" y="49" w="31" h ="37"/>
      </walk_left>

      <walk_right>
        <pushback x ="9" y="97" w="31" h ="37"/>
        <pushback x ="57" y="97" w="31" h ="37"/>
        <pushback x ="105" y="97" w="31" h ="37"/>
      </walk_right>

      <walk_up>
        <pushback x ="11" y="147" w="31" h ="37"/>
        <pushback x ="59" y="147" w="31" h ="37"/>
        <pushback x ="107" y="147" w="31" h ="37"/>
      </walk_up>
    </overworld>
  </tabern>
  <ray>
    <overworld>
      <walk_front>
        <pushback x ="769" y="353" w="29" h="31"/>
        <pushback x ="801" y="352" w="29" h="31"/>
        <pushback x ="833" y="354" w="29" h="31"/>
      </walk_front>

      <walk_left>
        <pushback x ="771" y="385" w="29" h ="31"/>
        <pushback x ="803" y="384" w="29" h ="31"/>
        <pushback x ="835" y="386" w="29" h ="31"/>
      </walk_left>

      <walk_right>
        <pushback x ="771" y="417" w="29" h ="31"/>
        <pushback x ="803" y="416" w="29" h ="31"/>
        <pushback x ="835" y="418" w="29" h ="31"/>
      </walk_right>

      <walk_up>
        <pushback x ="769" y="449" w="29" h ="31"/>
        <pushback x ="801" y="448" w="29" h ="31"/>
        <pushback x ="833" y="450" w="29" h ="31"/>
      </walk_up>
    </overworld>
  </ray>

  <bat>
    <attack>
      <pushback x ="0" y="0" w="56" h="40"/>
      <pushback x ="143" y="0" w="56" h="40"/>
      <pushback x ="288" y="0" w="56" h="40"/>
      <pushback x ="439" y="0" w="56" h="40"/>
      <pushback x ="589" y="0" w="56" h="40"/>
      <pushback x ="738" y="0" w="56" h="40"/>
      <pushback x ="894" y="0" w="56" h="40"/>
      <pushback x ="1044" y="0" w="56" h="40"/>
    </attack>
    
    <flight>
      <pushback x ="0" y="40" w="56" h="40"/>
      <pushback x ="143" y="40" w="56" h="40"/>
      <pushback x ="292" y="40" w="56" h="40"/>
      <pushback x ="442" y="40" w="56" h="40"/>
      <pushback x ="592" y="40" w="56" h="40"/>
      <pushback x ="742" y="40" w="56" h="40"/>
      <pushback x ="885" y="40" w="56" h="40"/>
      <pushback x ="1043" y="40" w="56" h="40"/>
    </flight>
    
    <death>
      <pushback x ="0" y="80" w="56" h="40"/>
      <pushback x ="144" y="80" w="56" h="40"/>
      <pushback x ="293" y="80" w="56" h="40"/>
      <pushback x ="442" y="80" w="56" h="40"/>
    </death>
    
    <hit>
      <pushback x ="0" y="120" w="56" h="40"/>
      <pushback x ="143" y="120" w="56" h="40"/>
      <pushback x ="295" y="120" w="56" h="40"/>
      <pushback x ="443" y="120" w="56" h="40"/>
    </hit>
  </bat>
  
  <golem>
    <idle>
      <pushback x="0" y="0" w="70" h="69"/>
      <pushback x="70" y="0" w="70" h="69"/>
      <pushback x="140" y="0" w="70" h="69"/>
      <pushback x="210" y="0" w="70" h="69"/>
    </idle>

    <glowing>
      <pushback x="0" y="69" w="70" h="69"/>
      <pushback x="70" y="69" w="70" h="69"/>
      <pushback x="140" y="69" w="70" h="69"/>
      <pushback x="210" y="69" w="70" h="69"/>
      <pushback x="280" y="69" w="70" h="69"/>
      <pushback x="350" y="69" w="70" h="69"/>
      <pushback x="420" y="69" w="70" h="69"/>
      <pushback x="490" y="69" w="70" h="69"/>
    </glowing>

    <ranged_attack>
      <pushback x="0" y="138" w="70" h="69"/>
      <pushback x="70" y="138" w="70" h="69"/>
      <pushback x="140" y="138" w="70" h="69"/>
      <pushback x="210" y="138" w="70" h="69"/>
      <pushback x="280" y="138" w="70" h="69"/>
      <pushback x="350" y="138" w="70" h="69"/>
      <pushback x="420" y="138" w="70" h="69"/>
      <pushback x="490" y="138" w="70" h="69"/>
      <pushback x="560" y="138" w="70" h="69"/>
    </ranged_attack>

    <rest>
      <pushback x="0" y="207" w="70" h="69"/>
      <pushback x="70" y="207" w="70" h="69"/>
      <pushback x="140" y="207" w="70" h="69"/>
      <pushback x="210" y="207" w="70" h="69"/>
      <pushback x="280" y="207" w="70" h="69"/>
      <pushback x="350" y="207" w="70" h="69"/>
      <pushback x="420" y="207" w="70" h="69"/>
      <pushback x="490" y="207" w="70" h="69"/>
    </rest>

    <attack>
      <pushback x="0" y="276" w="70" h="69"/>
      <pushback x="70" y="276" w="70" h="69"/>
      <pushback x="140" y="276" w="70" h="69"/>
      <pushback x="210" y="276" w="70" h="69"/>
      <pushback x="280" y="276" w="70" h="69"/>
      <pushback x="350" y="276" w="70" h="69"/>
      <pushback x="420" y="276" w="70" h="69"/>
    </attack>

    <laser>
      <pushback x="0" y="345" w="70" h="69"/>
      <pushback x="70" y="345" w="70" h="69"/>
      <pushback x="140" y="345" w="70" h="69"/>
      <pushback x="210" y="345" w="70" h="69"/>
      <pushback x="280" y="345" w="70" h="69"/>
      <pushback x="350" y="345" w="70" h="69"/>
      <pushback x="420" y="345" w="70" h="69"/>
    </laser>

    <armor>
      <pushback x="0" y="414" w="70" h="69"/>
      <pushback x="70" y="414" w="70" h="69"/>
      <pushback x="140" y="414" w="70" h="69"/>
      <pushback x="210" y="414" w="70" h="69"/>
      <pushback x="280" y="414" w="70" h="69"/>
      <pushback x="350" y="414" w="70" h="69"/>
      <pushback x="420" y="414" w="70" h="69"/>
      <pushback x="490" y="414" w="70" h="69"/>
      <pushback x="560" y="414" w="70" h="69"/>
      <pushback x="630" y="414" w="70" h="69"/>
    </armor>
    
    <death>
      <pushback x="0" y="483" w="70" h="69"/>
      <pushback x="70" y="483" w="70" h="69"/>
      <pushback x="140" y="483" w="70" h="69"/>
      <pushback x="210" y="483" w="70" h="69"/>
      <pushback x="280" y="483" w="70" h="69"/>
      <pushback x="350" y="483" w="70" h="69"/>
      <pushback x="420" y="483" w="70" h="69"/>
      <pushback x="490" y="483" w="70" h="69"/>
      <pushback x="560" y="483" w="70" h="69"/>
      <pushback x="630" y="483" w="70" h="69"/>
      <pushback x="0" y="552" w="70" h="69"/>
      <pushback x="70" y="552" w="70" h="69"/>
      <pushback x="140" y="552" w="70" h="69"/>
      <pushback x="210" y="552" w="70" h="69"/>
    </death>

    <hit>
      <pushback x="0" y="621" w="70" h="69"/>
      <pushback x="70" y="621" w="70" h="69"/>
      <pushback x="140" y="621" w="70" h="69"/>
      <pushback x="210" y="621" w="70" h="69"/>
      <pushback x="280" y="621" w="70" h="69"/>
      </hit>
  </golem>
  
  <iceblock>
    <overworld>
      <idle>
        <pushback x ="0" y="0" w="32" h="32"/>
      </idle>
    </overworld>
  </iceblock>
  
  <skull>
    <idle>
      <pushback x="0" y="0" w="74" h="74"/>
      <pushback x="74" y="0" w="74" h="74"/>
      <pushback x="148" y="0" w="74" h="74"/>
      <pushback x="222" y="0" w="74" h="74"/>
      <pushback x="296" y="0" w="74" h="74"/>
      <pushback x="370" y="0" w="74" h="74"/>
      <pushback x="444" y="0" w="74" h="74"/>
      <pushback x="518" y="0" w="74" h="74"/>
      <pushback x="592" y="0" w="74" h="74"/>
      <pushback x="666" y="0" w="74" h="74"/>
      <pushback x="740" y="0" w="74" h="74"/>
      <pushback x="814" y="0" w="74" h="74"/>
      <pushback x="888" y="0" w="74" h="74"/>
      <pushback x="962" y="0" w="74" h="74"/>
      <pushback x="1036" y="0" w="74" h="74"/>
      <pushback x="1110" y="0" w="74" h="74"/>
    </idle>

    <attack>
      <pushback x="0" y="74" w="74" h="74"/>
      <pushback x="74" y="74" w="74" h="74"/>
      <pushback x="148" y="74" w="74" h="74"/>
      <pushback x="222" y="74" w="74" h="74"/>
      <pushback x="296" y="74" w="74" h="74"/>
      <pushback x="370" y="74" w="74" h="74"/>
      <pushback x="444" y="74" w="74" h="74"/>
      <pushback x="518" y="74" w="74" h="74"/>
      <pushback x="592" y="74" w="74" h="74"/>
    </attack>

    <death>
      <pushback x="0" y="148" w="74" h="74"/>
      <pushback x="74" y="148" w="74" h="74"/>
      <pushback x="148" y="148" w="74" h="74"/>
      <pushback x="222" y="148" w="74" h="74"/>
      <pushback x="296" y="148" w="74" h="74"/>
      <pushback x="370" y="148" w="74" h="74"/>
      <pushback x="444" y="148" w="74" h="74"/>
      <pushback x="518" y="148" w="74" h="74"/>
      <pushback x="592" y="148" w="74" h="74"/>
      <pushback x="666" y="148" w="74" h="74"/>
    </death>
  </skull>
</animations>